Ben,Pottinger,BenPottinger@dayrep.com,,,,,
Angus,Kincaid,AngusKincaid@teleworm.us,,,,,
Mitchell,Handt,MitchellHandt@dayrep.com,,,,,
Finn,Del Fabbro,FinnDelFabbro@jourrapide.com,,,,,
Isabella,Whatmore,IsabellaWhatmore@rhyta.com,,,,,
Hayden,Chauncy,HaydenChauncy@fleckens.hu,,,,,
Hugo,De Mole,HugoDeMole@dayrep.com,,,,,
Henry,Torrens,HenryTorrens@dayrep.com,,,,,
Jesse,Sheridan,JesseSheridan@einrot.com,,,,,
Austin,Nan,AustinNan@armyspy.com,,,,,
Jacob,Watts,JacobWatts@gustr.com,,,,,
Hayley,Prendiville,HayleyPrendiville@armyspy.com,,,,,
Will,Clibborn,WillClibborn@einrot.com,,,,,
Rachel,Eleanor,RachelEleanor@jourrapide.com,,,,,
Tyler,Garvan,TylerGarvan@fleckens.hu,,,,,
Callum,Blaubaum,CallumBlaubaum@armyspy.com,,,,,
Eden,McWilliams,EdenMcWilliams@gustr.com,,,,,
Ryan,Alison,RyanAlison@jourrapide.com,,,,,
Harry,Kidman,HarryKidman@superrito.com,,,,,
Ruby,Tilley,RubyTilley@superrito.com,,,,,
Seth,Yagan,SethYagan@jourrapide.com,,,,,
Gabriella,Trout,GabriellaTrout@gustr.com,,,,,
Mikayla,Leibius,MikaylaLeibius@teleworm.us,,,,,
Blake,Coughlan,BlakeCoughlan@cuvox.de,,,,,
Jesse,Goloubev,JesseGoloubev@gustr.com,,,,,
Rory,Martel,RoryMartel@superrito.com,,,,,
Aidan,McGowan,AidanMcGowan@gustr.com,,,,,
Mikayla,Penfold,MikaylaPenfold@cuvox.de,,,,,
Mary,Faulding,MaryFaulding@einrot.com,,,,,
Sam,Quinn,SamQuinn@teleworm.us,,,,,
Benjamin,Clemes,BenjaminClemes@teleworm.us,,,,,
Dylan,Chomley,DylanChomley@armyspy.com,,,,,
Ali,Bride,AliBride@fleckens.hu,,,,,
Flynn,Birnie,FlynnBirnie@einrot.com,,,,,
Ben,Appel,BenAppel@gustr.com,,,,,
Alyssa,Lorenzini,AlyssaLorenzini@einrot.com,,,,,
Declan,Hook,DeclanHook@armyspy.com,,,,,
Michael,Hillgrove,MichaelHillgrove@rhyta.com,,,,,
Ruby,Lightfoot,RubyLightfoot@teleworm.us,,,,,
Connor,Herz,ConnorHerz@armyspy.com,,,,,
Sam,Garsia,SamGarsia@teleworm.us,,,,,
Amelia,Le Messurier,AmeliaLeMessurier@gustr.com,,,,,
Dylan,Bellasis,DylanBellasis@dayrep.com,,,,,
Dominic,Edmond,DominicEdmond@armyspy.com,,,,,
Samantha,Hixson,SamanthaHixson@cuvox.de,,,,,
Olivia,Leibius,OliviaLeibius@cuvox.de,,,,,
Emily,Bancroft,EmilyBancroft@gustr.com,,,,,
Molly,Lilley,MollyLilley@einrot.com,,,,,
Lilly,Le Couteur,LillyLeCouteur@teleworm.us,,,,,
Owen,Comino,OwenComino@rhyta.com,,,,,
Austin,McGaw,AustinMcGaw@superrito.com,,,,,
Ashton,Newton,AshtonNewton@armyspy.com,,,,,
Joel,Lewis,JoelLewis@einrot.com,,,,,
Tyler,Wollstonecraft,TylerWollstonecraft@cuvox.de,,,,,
Elijah,Leighton,ElijahLeighton@teleworm.us,,,,,
Phoebe,Sodersten,PhoebeSodersten@armyspy.com,,,,,
Elijah,Kelleher,ElijahKelleher@rhyta.com,,,,,
Archer,McConachy,ArcherMcConachy@dayrep.com,,,,,
Michael,Butts,MichaelButts@cuvox.de,,,,,
Edward,Kotai,EdwardKotai@gustr.com,,,,,
Connor,Perkin,ConnorPerkin@einrot.com,,,,,
Mia,Gormanston,MiaGormanston@teleworm.us,,,,,
Piper,Heritage,PiperHeritage@dayrep.com,,,,,
Marcus,Butlin,MarcusButlin@superrito.com,,,,,
Christian,Hanger,ChristianHanger@armyspy.com,,,,,
Lola,Goldberg,LolaGoldberg@einrot.com,,,,,
Edward,Dadson,EdwardDadson@superrito.com,,,,,
Alice,Denton,AliceDenton@cuvox.de,,,,,
Kiara,De Burgh,KiaraDeBurgh@rhyta.com,,,,,
Samuel,Lennon,SamuelLennon@teleworm.us,,,,,
Phoebe,Walch,PhoebeWalch@armyspy.com,,,,,
Ashton,Bee,AshtonBee@jourrapide.com,,,,,
Ashton,Chave,AshtonChave@jourrapide.com,,,,,
Indiana,Osburn,IndianaOsburn@fleckens.hu,,,,,
Matilda,Pownall,MatildaPownall@einrot.com,,,,,
Milla,Kinchela,MillaKinchela@teleworm.us,,,,,
Charles,Sconce,CharlesSconce@teleworm.us,,,,,
Amber,Nibbi,AmberNibbi@dayrep.com,,,,,
Isabel,Latham,IsabelLatham@rhyta.com,,,,,
Riley,Haynes,RileyHaynes@superrito.com,,,,,
Gabriella,Sodersten,GabriellaSodersten@fleckens.hu,,,,,
Alyssa,Hatfield,AlyssaHatfield@dayrep.com,,,,,
Sienna,Paling,SiennaPaling@cuvox.de,,,,,
Ava,Cazneaux,AvaCazneaux@armyspy.com,,,,,
Alexis,Sleigh,AlexisSleigh@fleckens.hu,,,,,
David,Dutton,DavidDutton@jourrapide.com,,,,,
Caitlin,Higinbotham,CaitlinHiginbotham@fleckens.hu,,,,,
Brooke,Dodery,BrookeDodery@rhyta.com,,,,,
Austin,Tewksbury,AustinTewksbury@cuvox.de,,,,,
Alexandra,Dolling,AlexandraDolling@teleworm.us,,,,,
Jai,Johann,JaiJohann@superrito.com,,,,,
Alice,Coates,AliceCoates@superrito.com,,,,,
Indiana,Moffitt,IndianaMoffitt@armyspy.com,,,,,
Chloe,Gadsdon,ChloeGadsdon@armyspy.com,,,,,
Bethany,Imlay,BethanyImlay@gustr.com,,,,,
Rebecca,Halligan,RebeccaHalligan@superrito.com,,,,,
Cody,Hoysted,CodyHoysted@gustr.com,,,,,
Chelsea,Howden,ChelseaHowden@fleckens.hu,,,,,
Grace,Blackett,GraceBlackett@gustr.com,,,,,
Michael,Gormanston,MichaelGormanston@jourrapide.com,,,,,
