Jorja,Flack,JorjaFlack@armyspy.com,,,,,
Cooper,Somers,CooperSomers@teleworm.us,,,,,
Lara,Argyle,LaraArgyle@jourrapide.com,,,,,
Julian,Dickson,JulianDickson@rhyta.com,,,,,
Alexandra,Murnin,AlexandraMurnin@einrot.com,,,,,
Sam,Mitchell,SamMitchell@cuvox.de,,,,,
Ebony,Venables,EbonyVenables@fleckens.hu,,,,,
Ethan,East,EthanEast@rhyta.com,,,,,
Matthew,Walch,MatthewWalch@einrot.com,,,,,
Lilian,Scantlebury,LilianScantlebury@rhyta.com,,,,,
Christopher,Linger,ChristopherLinger@jourrapide.com,,,,,
Tyler,Brahe,TylerBrahe@armyspy.com,,,,,
Hayley,Grandi,HayleyGrandi@einrot.com,,,,,
Taylah,Docker,TaylahDocker@gustr.com,,,,,
Ethan,Cookson,EthanCookson@superrito.com,,,,,
Jai,Tubb,JaiTubb@dayrep.com,,,,,
Cameron,Todd,CameronTodd@superrito.com,,,,,
Hamish,Philip,HamishPhilip@teleworm.us,,,,,
Mackenzie,Waterhouse,MackenzieWaterhouse@armyspy.com,,,,,
Amelie,Poate,AmeliePoate@jourrapide.com,,,,,
Jasper,Alexander,JasperAlexander@armyspy.com,,,,,
Isabelle,Phillips,IsabellePhillips@cuvox.de,,,,,
Gabriella,Rodgers,GabriellaRodgers@einrot.com,,,,,
Makayla,Tate,MakaylaTate@armyspy.com,,,,,
Jamie,Ruthven,JamieRuthven@gustr.com,,,,,
James,Quinn,JamesQuinn@teleworm.us,,,,,
Noah,Galvin,NoahGalvin@armyspy.com,,,,,
Gabriel,Gowing,GabrielGowing@dayrep.com,,,,,
Michael,Lithgow,MichaelLithgow@gustr.com,,,,,
Max,Thatcher,MaxThatcher@dayrep.com,,,,,
Flynn,Willshire,FlynnWillshire@armyspy.com,,,,,
Bianca,Merion,BiancaMerion@einrot.com,,,,,
Amber,Takasuka,AmberTakasuka@superrito.com,,,,,
Abigail,Chinner,AbigailChinner@cuvox.de,,,,,
Jaxon,Merion,JaxonMerion@rhyta.com,,,,,
Elizabeth,Rodius,ElizabethRodius@rhyta.com,,,,,
Indiana,Bevan,IndianaBevan@teleworm.us,,,,,
Poppy,Grimley,PoppyGrimley@superrito.com,,,,,
Paige,Hopman,PaigeHopman@fleckens.hu,,,,,
Kayla,Hanran,KaylaHanran@armyspy.com,,,,,
Eve,Wakehurst,EveWakehurst@superrito.com,,,,,
Eden,Dexter,EdenDexter@fleckens.hu,,,,,
Rose,Foy,RoseFoy@superrito.com,,,,,
Mackenzie,Angas,MackenzieAngas@cuvox.de,,,,,
Joel,Moffatt,JoelMoffatt@fleckens.hu,,,,,
Zane,Murphy,ZaneMurphy@gustr.com,,,,,
Flynn,Crews,FlynnCrews@superrito.com,,,,,
Jorja,Heyer,JorjaHeyer@armyspy.com,,,,,
Elijah,Buxton,ElijahBuxton@superrito.com,,,,,
Stella,Fullarton,StellaFullarton@teleworm.us,,,,,
Sara,Long,SaraLong@gustr.com,,,,,
Justin,Pittard,JustinPittard@jourrapide.com,,,,,
Hamish,Oatley,HamishOatley@rhyta.com,,,,,
Paige,Peterson,PaigePeterson@rhyta.com,,,,,
Ashley,Haugh,AshleyHaugh@fleckens.hu,,,,,
Christian,Vassilieff,ChristianVassilieff@gustr.com,,,,,
Tristan,Hughes-Jones,TristanHughes-Jones@teleworm.us,,,,,
Jasper,Soares,JasperSoares@rhyta.com,,,,,
Jackson,Ramsbotham,JacksonRamsbotham@gustr.com,,,,,
Ryder,Marina,RyderMarina@jourrapide.com,,,,,
Mikayla,Treasure,MikaylaTreasure@einrot.com,,,,,
Ethan,Joyce,EthanJoyce@fleckens.hu,,,,,
Ellie,Kenyon,EllieKenyon@superrito.com,,,,,
Natalie,Collier,NatalieCollier@dayrep.com,,,,,
Alannah,Raff,AlannahRaff@einrot.com,,,,,
Madeline,Chomley,MadelineChomley@dayrep.com,,,,,
Declan,Israel,DeclanIsrael@cuvox.de,,,,,
Taylah,Bice,TaylahBice@einrot.com,,,,,
Makayla,Landseer,MakaylaLandseer@teleworm.us,,,,,
Eliza,Beale,ElizaBeale@teleworm.us,,,,,
Eva,Ennor,EvaEnnor@jourrapide.com,,,,,
Cooper,Louise,CooperLouise@cuvox.de,,,,,
Joshua,Dunhill,JoshuaDunhill@teleworm.us,,,,,
Natasha,Cropper,NatashaCropper@einrot.com,,,,,
Aiden,Owens,AidenOwens@rhyta.com,,,,,
Sebastian,Duckworth,SebastianDuckworth@superrito.com,,,,,
Sebastian,O'Shaughnessy,SebastianOShaughnessy@fleckens.hu,,,,,
Mason,Dunlop,MasonDunlop@teleworm.us,,,,,
Mackenzie,Virtue,MackenzieVirtue@teleworm.us,,,,,
Mitchell,Dalgarno,MitchellDalgarno@rhyta.com,,,,,
Sophia,Wilmot,SophiaWilmot@jourrapide.com,,,,,
Phoebe,Wreford,PhoebeWreford@fleckens.hu,,,,,
Sebastian,Molesworth,SebastianMolesworth@gustr.com,,,,,
Maddison,Wilkinson,MaddisonWilkinson@superrito.com,,,,,
William,Dallas,WilliamDallas@jourrapide.com,,,,,
Sara,McBeath,SaraMcBeath@armyspy.com,,,,,
Joseph,Mulgrave,JosephMulgrave@teleworm.us,,,,,
Zara,Beal,ZaraBeal@fleckens.hu,,,,,
Elijah,Cashin,ElijahCashin@armyspy.com,,,,,
Eve,Lindon,EveLindon@gustr.com,,,,,
Gabrielle,Embry,GabrielleEmbry@rhyta.com,,,,,
Sophie,Henderson,SophieHenderson@armyspy.com,,,,,
Alexander,Whitley,AlexanderWhitley@gustr.com,,,,,
Lincoln,Sheridan,LincolnSheridan@fleckens.hu,,,,,
Brooke,Counsel,BrookeCounsel@gustr.com,,,,,
Marcus,Longstaff,MarcusLongstaff@dayrep.com,,,,,
Ella,Edwards,EllaEdwards@einrot.com,,,,,
Jett,Nash,JettNash@einrot.com,,,,,
Mason,McKellar,MasonMcKellar@gustr.com,,,,,
Isabella,Heading,IsabellaHeading@cuvox.de,,,,,
